id;Species;name;city;born
1;Gibbon;Maëlann;Xiaoling;1997.09.01
2;Capibara;Gaïa;Hønefoss;2015.11.10
3;Macska;Eugénie;Bundoc;2010.02.23
4;Yeti;Daphnée;Tlogosari;2002.02.27
5;Macska;Inès;Diamantina;2012.06.03
6;Majom;Kuí;Sumbergebang;2007.10.30
7;Yeti;Maéna;Daxi;2002.03.04
8;Capibara;Audréanne;Châlons-en-Champagne;2003.10.18
9;Majom;Nélie;Kurumoch;2001.10.11
10;Gibbon;Aimée;Miguel Hidalgo;
11;Yeti;Nadège;Cascavel;2002.05.08
12;Majom;Gaétane;Chirkey;
13;Yeti;Bérénice;Tsubata;2017.05.12
14;Yeti;Angélique;Hulín;
15;Gibbon;Valérie;Uinskoye;
16;Capibara;Eloïse;Laguna;
17;Macska;Néhémie;Itajubá;
18;Ogre;Marie-ève;Aracruz;1993.01.29
19;Macska;Mén;Yongjiahe;1993.02.22
20;Ogre;Hélèna;Liping;
21;Capibara;Andréanne;Kongolo;2002.11.01
22;Majom;Célia;Souillac;1990.03.09
23;Ogre;Håkan;Ugep;
24;Capibara;Kù;Chicago;1999.03.22
25;Yeti;Personnalisée;Mariefred;
26;Macska;Cécilia;Valašská Polanka;2014.03.28
27;Majom;Géraldine;Jaciara;
28;Macska;Maïté;Richmond;1993.06.29
29;Ogre;Maëlys;Baranowo;2005.07.14
30;Macska;Lèi;Holoriang;
31;Majom;Eloïse;Baabda;1992.02.16
32;Ogre;Séverine;Ponte;
33;Ogre;Faîtes;Đình Lập;1997.12.07
34;Majom;Maëly;Bicaj;
35;Yeti;Aloïs;Heting;
36;Gibbon;Mårten;Zhouwang;1993.01.15
37;Yeti;Mårten;Khabarovsk;2005.01.22
38;Capibara;Lauréna;Guta;2022.12.23
39;Majom;Adélaïde;Al Aḩmadī;2022.08.14
40;Ogre;Adélaïde;Ndewel;2011.08.08
41;Macska;Lèi;Cibitungmasjid;2000.11.05
42;Macska;Maëlys;Luoqiao;2016.03.17
43;Yeti;Maïwenn;Paris 19;1994.09.22
44;Macska;Mélinda;Dungarvan;
45;Yeti;Angèle;Huicheng;
46;Capibara;Aí;Shanhou;1995.09.27
47;Ogre;Illustrée;Pompéu;1995.10.05
48;Yeti;Loïc;Agat Village;2021.06.14
49;Gibbon;Sélène;Grangwav;
50;Capibara;Dù;Nhà Bè;2015.09.28
51;Ogre;Gwenaëlle;Kriel;2002.11.07
52;Yeti;Yénora;Massy;2019.10.21
53;Majom;Lóng;Cabungan;2016.12.11
54;Ogre;Hélène;Vila Real de Santo António;2007.01.12
55;Yeti;Séréna;San Pedro del Paraná;2018.02.26
56;Majom;Maï;Nizhniy Tagil;2015.09.01
57;Majom;Josée;Hongmiao;2022.10.16
58;Capibara;Méng;Agía Triáda;2010.10.03
59;Capibara;Léone;Tubel;1992.12.14
60;Yeti;Vérane;Riofrío;2012.05.26
61;Capibara;Inès;Ventersdorp;2005.04.20
62;Majom;Lorène;Chimbas;2009.05.26
63;Macska;Dafnée;Marco;2021.03.05
64;Ogre;Hélène;Dayr Sharaf;2004.03.21
65;Yeti;Maïlis;Wuxiang;2022.05.03
66;Ogre;Yè;Gowarczów;2021.03.24
67;Gibbon;Céline;Libertad;2008.04.30
68;Capibara;Loïc;Kuczbork-Osada;2007.10.15
69;Majom;Edmée;Ulcinj;2021.10.26
70;Macska;Célestine;Akouda;2014.12.13
71;Ogre;Véronique;Seririt;
72;Gibbon;Kuí;Ciparasi;1997.01.05
73;Gibbon;Béatrice;Nasavrky;
74;Ogre;Anaïs;Kelīshād va Sūdarjān;2022.01.15
75;Majom;Lèi;Lian;2015.03.30
76;Gibbon;Cinéma;El Copé;1994.12.26
77;Ogre;Noémie;Sujitan;2007.02.06
78;Yeti;Hélène;Álimos;2017.11.01
79;Gibbon;Lén;Merdeka;2013.11.07
80;Capibara;Lauréna;Wao;2013.03.25
81;Macska;Marie-noël;Kemuning;2000.02.07
82;Majom;Miléna;Riebiņi;2018.01.05
83;Gibbon;Maëlle;Kuanfeu;2022.06.28
84;Majom;Léonore;Huangbao;1999.07.19
85;Majom;Lyséa;Krasnotur’insk;2015.09.28
86;Macska;Dù;Sampao;2018.03.19
87;Ogre;Chloé;Lhasa;2009.09.09
88;Majom;Östen;Nong Kung Si;2005.01.17
89;Ogre;Irène;Drobin;2015.02.01
90;Capibara;Björn;Muḩradah;1992.08.05
91;Yeti;Clélia;Nancy;2006.03.15
92;Capibara;Maëlann;Kihurio;2014.12.19
93;Gibbon;Annotés;Havtsal;2004.11.11
94;Ogre;Uò;Valle de La Pascua;1991.06.23
95;Yeti;Marie-hélène;Nelspruit;2013.04.09
96;Majom;Clémence;Gościeradów;2014.12.07
97;Yeti;Marie-noël;Kuala Lumpur;2014.04.30
98;Capibara;Loïca;Praia do Ribatejo;
99;Yeti;Alizée;Iniö;2003.11.13
100;Capibara;Uò;Calangain;2005.09.28
101;Macska;Eléa;Krajan;
102;Yeti;Anaé;Madīnat Ḩamad;2022.11.10
103;Yeti;Örjan;Quatá;
104;Macska;Aí;Lamego;2011.02.26
105;Ogre;Mahélie;Kotabunan;2017.04.05
106;Gibbon;Aurélie;Borik;2022.06.03
107;Yeti;Anaé;Dŭstí;2009.11.11
108;Capibara;Lóng;Zhongfan;
109;Ogre;Félicie;Yuzhai;
110;Ogre;Andréanne;Cineumbeuy;1993.02.19
111;Capibara;Ruò;Ad Dawādimī;
112;Majom;Célia;Niš;2006.05.24
113;Gibbon;Marie-josée;Houbai;2002.11.29
114;Yeti;Lén;San Jacinto;2000.01.14
115;Majom;Valérie;Cachoeiro de Itapemirim;2018.11.11
116;Ogre;Anaïs;Annotto Bay;
117;Ogre;Görel;Budapest;2011.10.14
118;Gibbon;Mélys;Kapakabisa;2019.04.26
119;Macska;Pål;Clermont-Ferrand;1995.07.04
120;Majom;Lóng;Quichuay;2022.01.18
121;Capibara;Véronique;Benito Juarez;2010.12.22
122;Gibbon;Solène;Zaragoza;2007.09.27
123;Macska;Marie-ève;Sarakhs;
124;Gibbon;Clélia;Thị Trấn Quán Lào;2003.06.25
125;Macska;Dù;Chirkey;2001.03.14
126;Ogre;Pélagie;Shixiang;1991.04.16
127;Ogre;Inès;Kostrovo;1993.09.21
128;Gibbon;Crééz;Orekhovo-Borisovo Severnoye;
129;Macska;Méline;Đồi Ngô;2005.08.04
130;Majom;Marie-hélène;Tongqian;2018.10.25
131;Capibara;Ophélie;Carvoeira;
132;Ogre;Pénélope;Hantsport;
133;Ogre;Salomé;Guisser;2005.12.05
134;Capibara;Marylène;Studzionka;2020.07.15
135;Capibara;Léandre;Vila Chã do Monte;1990.03.18
136;Ogre;Clémence;Kuala Lumpur;1991.02.08
137;Majom;Eloïse;Xiamao;2008.09.11
138;Ogre;Cléa;Aurelliana;1990.04.18
139;Ogre;Crééz;Youguzhuang;2010.07.16
140;Ogre;Märta;Cishan;1994.01.21
141;Macska;Joséphine;Uppsala;
142;Ogre;Táng;Noşratābād;
143;Capibara;Loïc;Vodnjan;2009.02.08
144;Ogre;Noëlla;Barrosas;2019.12.19
145;Ogre;Estée;Bálsamo Oriental;
146;Capibara;Mégane;Bisert’;1991.01.11
147;Yeti;Danièle;Reno;1991.02.24
148;Majom;Véronique;Xijiao;2006.01.28
149;Macska;Réjane;Garoua;2008.09.12
150;Ogre;Méryl;Cigaleuh Kulon;
151;Macska;Mélia;Watunggong;2009.09.21
152;Ogre;Annotés;Liucheng;2005.12.22
153;Ogre;Pélagie;Miasteczko Śląskie;2010.04.04
154;Majom;Personnalisée;Ostrov;2021.12.12
155;Ogre;Angélique;Lecong;1998.06.01
156;Ogre;Eliès;Longping;
157;Yeti;Clémentine;Phetchaburi;1994.12.11
158;Ogre;Börje;Nikita;1993.07.25
159;Macska;Pål;Pulau Pinang;1992.08.04
160;Capibara;Josée;Bandhagen;1994.02.20
161;Gibbon;Esbjörn;Thị Trấn Mường Lát;2006.11.21
162;Majom;Mégane;Ulme;2014.03.18
163;Gibbon;Thérèsa;Xuetian;2020.05.19
164;Majom;Pål;Örnsköldsvik;2009.09.01
165;Macska;Léonore;Louredo;2012.06.27
166;Capibara;Aí;Chefchaouene;2017.03.06
167;Yeti;Mahélie;Chruszczobród;1998.02.06
168;Majom;Dù;Shouzhan;2014.10.17
169;Yeti;Lauréna;Yinkeng;2003.12.22
170;Macska;Maïté;Telagaselaba;1990.07.20
171;Macska;Yénora;Gandoang;2007.11.27
172;Gibbon;Lucrèce;Huangrangping;2022.02.12
173;Yeti;Clélia;Norrköping;
174;Capibara;Athéna;Garoua Boulaï;1994.04.29
175;Macska;Eloïse;Atambua;2011.05.21
176;Capibara;Almérinda;Magalalag;2016.05.02
177;Capibara;Eugénie;Klimontów;
178;Majom;Andréanne;Ciherang;2002.03.05
179;Majom;Danièle;Bolszewo;2006.04.05
180;Yeti;Régine;Aileu;
181;Yeti;Maëlann;Nueva Fuerza;2015.04.19
182;Yeti;Josée;Tayzhina;1993.03.29
183;Yeti;Aimée;Xinfeng;
184;Ogre;Desirée;Sungaimaja;2007.06.13
185;Capibara;Illustrée;Jiantiao;1998.08.26
186;Majom;Börje;Xueshan;1993.02.07
187;Capibara;Hélène;Tsagaanchuluut;1998.02.12
188;Ogre;Mélinda;Xiyang;1999.10.13
189;Macska;Maïwenn;Rozvadov;1999.02.04
190;Ogre;Pål;Cambé;2015.04.27
191;Gibbon;Fèi;Atsugi;2009.09.17
192;Ogre;Yú;Gijon;
193;Gibbon;Marie-josée;Hushan;2016.05.23
194;Capibara;Alizée;Thạnh Phú;2020.09.21
195;Yeti;Régine;Zwolle;1999.08.06
196;Gibbon;Laurène;Xiacaoqiao;2001.08.30
197;Majom;Gisèle;Gorshechnoye;
198;Majom;Audréanne;Laguna Limpia;
199;Capibara;Lyséa;Talondang;1999.03.28
200;Gibbon;Chloé;Mikulovice;1996.12.29
201;Gibbon;Léane;Hadayang;2015.02.17
202;Capibara;Mélissandre;Kibre Mengist;
203;Gibbon;Maéna;Kladovo;2001.12.12
204;Yeti;Bérengère;Chigorodó;2015.11.28
205;Gibbon;Liè;Örebro;2021.07.05
206;Majom;Maïlis;Cachón;1997.01.19
207;Yeti;Laurène;Pingyin;1996.08.19
208;Macska;Björn;Mīzan Teferī;
209;Macska;Camélia;Kamenskiy;2020.08.31
210;Macska;Almérinda;Panaitólion;
211;Capibara;Anaé;Vetlanda;2010.11.17
212;Ogre;Maïwenn;Parczew;2018.07.06
213;Gibbon;Stéphanie;Šventoji;2019.11.07
214;Majom;Solène;Arroyo Seco;2011.10.03
215;Capibara;Tán;Auch;2006.04.19
216;Majom;Maï;Ruukki;2002.10.15
217;Gibbon;Maëlyss;Ngô Đồng;2018.05.02
218;Majom;Lorène;Pakis;2009.06.12
219;Ogre;Noëlla;Saint-Denis;2016.02.01
220;Macska;Léa;Tongkiling;1999.05.23
221;Ogre;André;Chuqui Chuqui;1993.02.18
222;Capibara;Garçon;Andou;2019.10.01
223;Majom;Océanne;Krajanbaturno;2003.11.16
224;Yeti;Laïla;Glamoč;1991.04.07
225;Macska;Ruò;Le Mans;1991.05.17
226;Capibara;Crééz;Puerto Asís;2015.07.29
227;Capibara;Anaël;Bang Bo District;2020.12.06
228;Yeti;Andréanne;Petauke;2019.09.24
229;Gibbon;Léone;Krasnaya Poyma;2005.01.06
230;Majom;Maëly;Cimuncang;2004.04.13
231;Capibara;Nuó;Iecava;1991.03.06
232;Ogre;Bérangère;Nueva Loja;2008.10.20
233;Majom;Cléopatre;Maruoka;1998.05.21
234;Macska;Dafnée;Tibro;1997.04.21
235;Capibara;Méghane;Hongtian;1996.04.19
236;Ogre;Ruì;Severo-Zadonsk;2010.08.03
237;Capibara;Mà;Atiquizaya;2002.03.17
238;Macska;Pò;Río Blanquito;
239;Yeti;Kù;Pando;2001.06.14
240;Macska;Dorothée;Kiuteta;2001.01.11
241;Ogre;Naéva;Xidajie;2018.11.03
242;Yeti;Maëlann;Kobelyaky;2018.04.15
243;Capibara;Kù;Batanamang;2010.11.08
244;Gibbon;Lorène;Shuidun;2006.02.20
245;Ogre;Angélique;Ladoang;1994.03.05
246;Yeti;Bérénice;Santa Ana;2008.06.13
247;Ogre;Gérald;Hekou;1996.02.21
248;Capibara;Géraldine;Guarabira;
249;Macska;Simplifiés;Sembon;2011.11.10
250;Ogre;Mélinda;Currais Novos;2008.09.28
251;Yeti;Marie-hélène;Drahovo;2002.10.10
252;Macska;Pénélope;Pābna;2011.01.22
253;Ogre;Jú;Deán Funes;1998.07.29
254;Macska;Sòng;Głogówek;2001.05.25
255;Capibara;Aurélie;Pitanga;2019.05.11
256;Macska;André;Pagsañgahan;2010.09.11
257;Yeti;Gösta;Seixas do Douro;2020.02.20
258;Gibbon;Anaëlle;Horvati;1996.09.24
259;Capibara;Ophélie;Pingle;1999.11.15
260;Macska;Célestine;Torbeck;2013.08.26
261;Yeti;Personnalisée;Langxi;
262;Majom;Edmée;Ngora;2005.04.14
263;Majom;Yáo;Francisco J Mujica;
264;Yeti;Léone;Ursus;2008.06.15
265;Capibara;Mélissandre;Boskovice;1991.09.23
266;Capibara;Lóng;Liudong;
267;Yeti;Almérinda;Cabucgayan;1998.02.21
268;Yeti;Aloïs;Cigoong;
269;Yeti;Cécilia;Konstantynów Łódzki;2013.07.02
270;Macska;Séverine;Palangkaraya;2000.01.12
271;Gibbon;Eléa;Tabuadelo;1991.09.03
272;Capibara;Táng;Talisayan;1990.07.04
273;Macska;Ráo;Thika;2005.08.08
274;Yeti;Uò;Beslan;1990.09.13
275;Capibara;Cloé;Kamień Pomorski;2022.09.18
276;Gibbon;Lèi;Maroantsetra;2008.10.08
277;Macska;Marlène;Guleluke;2010.12.14
278;Yeti;Lorène;Masachapa;
279;Ogre;Anaïs;Caldas da Rainha;1998.08.04
280;Majom;Görel;Raminho;2015.01.11
281;Ogre;Marylène;Fátima;1995.07.13
282;Ogre;Mélia;Tucano;2009.11.10
283;Yeti;Gwenaëlle;Béja;1998.01.24
284;Yeti;Adélaïde;Guaranésia;2014.07.16
285;Macska;Erwéi;Ad Dawādimī;2011.03.06
286;Gibbon;Estève;Ginebra;2012.12.23
287;Gibbon;Audréanne;Piteå;2020.08.12
288;Capibara;Hélèna;Magisterial;2004.03.26
289;Gibbon;Sélène;Chuhuyiv;1991.08.24
290;Gibbon;Clémentine;Khadyzhensk;2020.01.29
291;Macska;Marlène;Lashio;2022.07.01
292;Yeti;Audréanne;Bin’an;
293;Yeti;Loïc;Isulan;2005.03.27
294;Yeti;Crééz;Alcala;2006.01.21
295;Majom;Lèi;Skaryszew;2018.09.16
296;Capibara;Céline;Francisco I Madero;2006.12.21
297;Majom;Örjan;Pokhvistnevo;1998.05.20
298;Majom;Pål;Bīr Nabālā;
299;Majom;Gaétane;Irirum;1998.11.15
300;Gibbon;Céline;Mahābād;1997.08.19
301;Macska;Dù;Songkhla;2001.02.21
302;Capibara;Vénus;Kembangkerang Satu;
303;Majom;Torbjörn;Portariá;2006.11.19
304;Gibbon;Tán;Naranjos;2018.05.17
305;Gibbon;Léa;Krajan Gajahmati;
306;Capibara;Esbjörn;Lizhuangzi;
307;Yeti;Crééz;Magangué;2016.02.03
308;Gibbon;Léonore;Nyurba;
309;Capibara;Maëlann;Jiuchenggong;2017.03.06
310;Ogre;Méghane;Jiale;
311;Yeti;Lén;Tõrva;2022.09.03
312;Ogre;Bérengère;Sävsjö;1999.01.28
313;Majom;Publicité;Zābolī;2015.01.22
314;Yeti;Françoise;Cabugao;2020.10.17
315;Macska;Célestine;Al Qadmūs;1998.05.10
316;Gibbon;Kù;Lümeng;1993.05.01
317;Ogre;Sòng;Xushangqiao;
318;Yeti;Léane;Mercaderes;1998.08.03
319;Majom;Görel;Tanghua;2000.05.29
320;Gibbon;Fèi;Wakefield;2012.03.17
321;Macska;Estée;Kibre Mengist;2005.04.17
322;Macska;Eléa;Jinping;
323;Capibara;Maéna;Skorogoszcz;2014.06.06
324;Yeti;Eléonore;Bello;1991.04.10
325;Gibbon;Judicaël;São Roque;2020.05.18
326;Yeti;Joséphine;Seka;2012.09.13
327;Macska;Léana;Jiantiao;
328;Majom;Maïlis;Yintang;2000.10.12
329;Majom;Ruì;Nykarleby;2009.09.24
330;Capibara;Aloïs;Outeiro;2008.12.14
331;Capibara;Aurélie;Jiangkou;
332;Gibbon;Léana;Néa Ankhíalos;2022.07.23
333;Majom;Cunégonde;Yāsūf;1993.05.27
334;Capibara;Bérangère;Utrecht (stad);1997.09.11
335;Capibara;Sélène;Peso da Régua;1996.01.17
336;Capibara;Anaé;Nangkapayung;1993.09.19
337;Yeti;Maéna;Falkenberg;1997.07.26
338;Yeti;Maï;Ifon;
339;Capibara;Solène;Ancol;2008.05.08
340;Macska;Östen;Masaran;1995.04.15
341;Yeti;Göran;Gharyan;
342;Majom;Hélène;Xichehe;2021.09.25
343;Ogre;Méline;Lombo Meão;
344;Gibbon;Marie-françoise;Rincón;1999.06.29
345;Ogre;Eugénie;Liantan;2018.03.02
346;Macska;Pénélope;Al Qardāḩah;2012.06.12
347;Gibbon;Daphnée;Santa Bernardina;2005.04.24
348;Yeti;Maëlann;Bangangté;1997.10.22
349;Capibara;Wá;Reisjärvi;2005.02.09
350;Ogre;Anaël;Horodok;1991.09.22
351;Macska;Dà;Leomil;
352;Macska;Andréanne;Munduk;1997.03.10
353;Ogre;Léa;Nova Era;1998.06.04
354;Macska;Léonie;Xunqiao;2009.08.10
355;Ogre;Uò;Tomakivka;
356;Majom;Adélie;Changmao;2011.07.18
357;Yeti;Mà;Starychi;2019.05.06
358;Majom;Lén;Oytal;2016.12.16
359;Capibara;Nélie;Besançon;2007.07.28
360;Capibara;Anaïs;Santos Dumont;1994.10.28
361;Ogre;Börje;Sundsvall;
362;Ogre;Alizée;Paso de Indios;1996.05.02
363;Macska;Léone;Mugumu;
364;Yeti;Gaïa;Haysyn;2015.06.28
365;Majom;Geneviève;Panggulan;1992.06.11
366;Ogre;Publicité;Yuntan;
367;Gibbon;Maïté;Sanshilipu;2006.05.26
368;Yeti;Börje;Lomme;2021.01.06
369;Capibara;Åslög;San Rafael;2001.03.22
370;Yeti;Thérèsa;Madrid;
371;Ogre;Mylène;São Pedro;2014.03.12
372;Capibara;Thérèsa;Lille;2015.07.20
373;Macska;Måns;San Andres;
374;Yeti;Crééz;Xinqiaohe;2017.11.28
375;Majom;Nadège;Petit Raffray;
376;Yeti;Lài;Sápes;2008.11.18
377;Majom;Lucrèce;Sanlian;
378;Macska;Vénus;Taltal;2022.10.11
379;Macska;Méline;Kibondo;2009.08.07
380;Majom;Rébecca;Polje;2013.08.21
381;Macska;Görel;Trois-Rivières;2013.05.23
382;Macska;Maëlyss;Forquilhinha;2000.04.08
383;Gibbon;Bénédicte;Seynod;
384;Ogre;Erwéi;Chikola;2017.03.18
385;Gibbon;Mén;Idtig;1994.11.16
386;Gibbon;Audréanne;Jingning Chengguanzhen;2004.11.16
387;Gibbon;Thérèsa;Pantang;2012.10.20
388;Capibara;Illustrée;Gaspar Hernández;
389;Ogre;Lucrèce;Barão de São Miguel;2022.10.24
390;Yeti;Thérèsa;Rio de Janeiro;1992.03.08
391;Macska;Médiamass;Ancona;2020.09.13
392;Ogre;Marylène;Rumenka;2010.03.06
393;Capibara;Wá;Wanagiri;
394;Macska;Gaétane;São Sebastião;
395;Ogre;Jú;Blumenau;2010.12.31
396;Ogre;Angélique;Rozhdestveno;1997.06.22
397;Yeti;Dafnée;Oslo;
398;Majom;Maïwenn;Diekirch;
399;Capibara;Anaé;Bebandem;2009.10.20
400;Gibbon;Bérénice;Malbork;2004.01.21
401;Macska;Illustrée;Santo Domingo;1992.08.30
402;Capibara;Gaétane;Krajan Kidul Rojopolo;1998.08.05
403;Ogre;Eliès;Taekas;
404;Yeti;Personnalisée;Suren;2018.11.27
405;Ogre;Amélie;Salakuray;2018.01.14
406;Gibbon;Médiamass;Helsingborg;1997.10.18
407;Macska;Léandre;Akademgorodok;2007.06.15
408;Macska;Esbjörn;Zelmeņi;2021.02.01
409;Yeti;Rébecca;Machico;1996.10.22
410;Yeti;Bécassine;Ciudad Nueva;2022.05.30
411;Gibbon;Anaïs;Livádion;2016.12.07
412;Yeti;Célestine;Boston;2018.04.13
413;Capibara;Garçon;Xianghu;2019.04.20
414;Gibbon;Adèle;Älvdalen;
415;Gibbon;Lèi;Santiago Atitlán;2004.12.09
416;Majom;Stéphanie;Juwana;
417;Yeti;Maïly;Alcainça;
418;Majom;Garçon;Aba;2008.07.06
419;Ogre;Andréanne;Osiedle-Nowiny;
420;Ogre;Maïlys;Rizal;
421;Yeti;Angèle;Nāḩiyat Baḩār;1998.04.18
422;Majom;Lauréna;Baziqiao;1997.02.05
423;Ogre;Styrbjörn;Shuangjiang;2014.09.14
424;Capibara;Médiamass;Indianapolis;2013.07.15
425;Yeti;Marie-noël;Mellieħa;2000.10.29
426;Majom;Maëly;Dalgān;2015.10.27
427;Macska;Liè;Sarandë;2003.03.26
428;Yeti;Frédérique;Ludu;
429;Yeti;Måns;Nansha;1994.11.12
430;Gibbon;Marie-thérèse;Guanagazapa;1997.06.22
431;Capibara;Göran;Jarry;2003.05.27
432;Yeti;Eloïse;Wenchang;2001.10.19
433;Macska;Océane;Kuala Lumpur;2016.07.19
434;Capibara;Agnès;Eséka;
435;Yeti;Kévina;Lingcheng;2000.06.25
436;Yeti;Ruò;Yanweigang;2000.02.01
437;Ogre;Océanne;Loacan;2000.04.28
438;Macska;Léandre;Kochani;2017.07.05
439;Capibara;Wá;Rędziny;2011.11.08
440;Gibbon;Maëly;Dzhayrakh;2021.12.14
441;Capibara;Lyséa;Banjar Petak;1995.09.26
442;Ogre;Chloé;Qal‘eh-ye Khvājeh;2001.04.19
443;Macska;Gösta;Newbiggin;2006.08.22
444;Ogre;Océanne;Oekefan;1995.12.27
445;Macska;Lauréna;Modřice;2017.06.14
446;Majom;Daphnée;Huangjin;2001.09.04
447;Ogre;Magdalène;Pandanrejokrajan;2002.03.29
448;Gibbon;Marlène;Cruz;
449;Macska;Angèle;La Plata;
450;Gibbon;Séverine;Chulabhorn;2007.09.05
451;Capibara;Zoé;Arcos;
452;Capibara;Cunégonde;Yashio-shi;
453;Gibbon;Estée;Xarag;
454;Yeti;Loïc;Calaya;2015.07.16
455;Macska;Eliès;Bamnet Narong;2008.11.07
456;Gibbon;Judicaël;Spånga;2000.07.22
457;Gibbon;Intéressant;Xiniqi;
458;Ogre;Célestine;Lis;2001.08.10
459;Yeti;Gaëlle;Daping;2014.05.17
460;Gibbon;Maëlle;Jomboy;
461;Gibbon;Réjane;Kristiansand S;
462;Macska;Laurène;Vuka;1994.04.03
463;Ogre;Daphnée;Khilok;2005.10.02
464;Ogre;Angèle;Willowdale;2017.12.21
465;Gibbon;Mélina;Gjinoc;
466;Ogre;Thérèse;Yelenendorf;2015.05.18
467;Macska;Méng;Al Qaryatayn;1991.07.31
468;Majom;Céline;Smoky Lake;2019.10.15
469;Ogre;Gisèle;Al Jahrā’;2002.02.16
470;Yeti;Eliès;Vyshhorod;
471;Gibbon;Adélie;Mników;
472;Yeti;Cinéma;Mojokerto;
473;Majom;André;Imeni Tsyurupy;2014.02.14
474;Yeti;Maëlann;Mekarjaya;2009.11.24
475;Macska;Aloïs;Kuching;1995.01.29
476;Majom;Almérinda;Marulanda;
477;Macska;Mårten;Zeguo;2020.08.31
478;Yeti;Dù;Inowrocław;2003.06.28
479;Yeti;Josée;Ujazd;1993.03.11
480;Gibbon;Gaëlle;Atabayan;1998.02.22
481;Macska;Océanne;Simbal;
482;Macska;Thérèse;Decatur;
483;Capibara;Maï;Zavetnoye;2006.08.21
484;Capibara;Joséphine;Pasiripis;1998.11.05
485;Macska;Clémence;Khairpur;2019.03.03
486;Macska;Céline;Bukui;2002.06.22
487;Macska;Cécilia;Pokrovskoye;2019.05.10
488;Majom;Maëlyss;Caetité;1995.06.14
489;Gibbon;Maëly;Gowurdak;2018.04.27
490;Ogre;Lài;Babasakhib;2002.12.31
491;Macska;Illustrée;Damai;2008.08.09
492;Capibara;Andréa;Wansheng;2021.01.26
493;Macska;Rachèle;Montauban;2022.11.12
494;Ogre;Audréanne;Tullinge;2020.04.06
495;Ogre;Daphnée;Līvāni;
496;Ogre;Mélinda;Kuttu;2005.12.17
497;Majom;Måns;Capela;1991.06.28
498;Capibara;Marylène;Jiancheng;2020.11.02
499;Gibbon;Maéna;Thị Trấn Na Sầm;1995.01.09
500;Gibbon;Annotée;Parumasan;2012.07.31
501;Ogre;Gaïa;Bautista;
502;Gibbon;Eléonore;Jicun;1995.03.23
503;Capibara;Torbjörn;Tatebal;
504;Yeti;Cléopatre;Doushaguan;2017.10.23
505;Macska;Esbjörn;Roseau;1993.01.04
506;Macska;Lyséa;Tukums;2000.06.09
507;Ogre;Béatrice;Curahnongko;2007.03.30
508;Majom;Thérèsa;Irecê;2004.10.23
509;Yeti;Magdalène;Damasak;2006.10.02
510;Capibara;Audréanne;Boissy-Saint-Léger;
511;Macska;Eugénie;Higuerote;2021.07.15
512;Macska;Kuí;Menlou’ao;
513;Capibara;Estève;Duotian;2016.04.05
514;Yeti;Märta;Antony;2010.07.15
515;Ogre;Örjan;Pasian;
516;Yeti;Bénédicte;Nuing;1993.04.29
517;Capibara;Daphnée;Pangushan;
518;Gibbon;Bérénice;Vigo;1992.10.02
519;Macska;Mélanie;Santo Isidro;
520;Majom;Bérangère;Ritaebang;2012.01.13
521;Majom;Stévina;Doushaguan;2021.06.01
522;Ogre;Esbjörn;Karangcombong;2022.09.13
523;Macska;Mahélie;Powidz;2007.07.04
524;Macska;Erwéi;Tambaksumur;2021.01.26
525;Macska;Cloé;Sambungjaya;2003.08.08
526;Majom;Méline;Luleå;2001.08.09
527;Yeti;Zoé;Águas de Lindóia;2000.04.03
528;Yeti;Maéna;Picos;2016.04.23
529;Majom;Zoé;Ilaya;1991.06.05
530;Macska;Bénédicte;Vélo;2009.04.27
531;Capibara;Françoise;Felege Neway;2018.12.11
532;Gibbon;Lauréna;Dallas;2017.03.01
533;Majom;Léana;Oumé;
534;Majom;Athéna;Norfolk;2013.01.21
535;Majom;Cécilia;Guayaquil;2016.01.26
536;Capibara;Laïla;Riofrío;
537;Yeti;Björn;Sollebrunn;
538;Gibbon;Maïlis;Fundación;2020.02.02
539;Ogre;Maïly;Choroszcz;2013.05.15
540;Capibara;Thérèse;Vitry-sur-Seine;1995.01.20
541;Macska;Erwéi;Bantarpanjang;1997.10.10
542;Majom;Océane;Cikembang;2016.05.30
543;Gibbon;Publicité;Puerto Esperanza;2015.10.22
544;Majom;Börje;Mouriscas;
545;Ogre;Léane;Orlando;1995.12.05
546;Capibara;Mårten;Liliba;2019.10.13
547;Majom;Aimée;Santa Eulália;2002.11.29
548;Macska;Mylène;Sidonganti;2018.06.08
549;Macska;Dorothée;Martinópolis;1996.08.30
550;Yeti;Publicité;Souto da Casa;1997.01.25
551;Gibbon;Cléopatre;Johor Bahru;2013.03.30
552;Macska;Maïwenn;Polańczyk;2009.12.30
553;Macska;Åslög;Kebon Tengah;
554;Capibara;Mårten;Laiyuan;2016.03.22
555;Gibbon;Geneviève;Taubaté;1992.09.12
556;Macska;Mårten;Puncaksari;1992.10.16
557;Gibbon;Rachèle;Liuzikou;1992.05.21
558;Macska;Léane;Abay;
559;Macska;Hélèna;Shaft;2016.08.23
560;Macska;Célia;Ngaliyan;
561;Majom;Uò;Darungan;1994.02.16
562;Yeti;Maëlann;Washington;1999.02.19
563;Ogre;Aurélie;São Mateus;
564;Ogre;Adélaïde;Sihanoukville;1996.07.27
565;Yeti;Nélie;Cerca la Source;1994.08.14
566;Majom;Léonie;Strzelce Krajeńskie;2020.10.28
567;Gibbon;Réjane;Cansolungon;2011.01.25
568;Macska;Inès;Noeltoko;1993.01.13
569;Ogre;Maëlyss;Xinsheng;2002.06.12
570;Ogre;Marie-ève;Tyresö;2009.09.29
571;Ogre;Laurène;Oeiras;2018.06.17
572;Gibbon;Naéva;Sigaboy;1992.04.13
573;Majom;Alizée;Vanimo;2010.10.05
574;Yeti;Renée;Zahedan;2020.02.10
575;Capibara;Marie-françoise;Oshnavīyeh;2011.07.01
576;Yeti;Océane;El Cardo;2003.12.06
577;Macska;Cléa;Ruse;2010.05.11
578;Yeti;Ruò;Heyou;2013.01.21
579;Majom;Lauréna;Wilmington;1995.08.08
580;Majom;Eloïse;Owando;2000.03.03
581;Capibara;Angèle;Shouchang;2009.06.21
582;Ogre;Zoé;Boljevac;1990.07.21
583;Macska;Aí;Zhangbagou;2003.02.24
584;Ogre;Pénélope;Moravská Nová Ves;1999.09.24
585;Macska;Sélène;Zadawa;1997.01.01
586;Gibbon;Kévina;Kachug;2014.04.02
587;Macska;Gaïa;Canala;
588;Ogre;Françoise;Albi;
589;Gibbon;Gaétane;Latacunga;
590;Capibara;Clémentine;Conduaga;2006.04.04
591;Gibbon;Ráo;Livramento;
592;Yeti;Märta;Cauayan;2014.12.24
593;Macska;Marie-josée;Eaubonne;
594;Capibara;Rébecca;Skärhamn;2009.04.18
595;Macska;Géraldine;Detchino;1997.10.26
596;Macska;Frédérique;Marneuli;2006.10.23
597;Macska;Angèle;Orong;2008.05.14
598;Ogre;Noémie;Bonn;
599;Gibbon;Görel;Ningxin;2010.09.24
600;Capibara;Ráo;Pueblo Nuevo;
601;Ogre;Estève;San Calixto;2015.04.15
602;Yeti;Wá;Jiangwei;1995.08.30
603;Macska;Océane;Gudja;2013.12.11
604;Macska;Méng;Yongfeng;2009.01.06
605;Yeti;Amélie;Toulouse;1992.07.11
606;Majom;Athéna;Tây Đằng;2005.03.09
607;Capibara;Maëlys;Looc;2010.12.24
608;Gibbon;Véronique;San Miguel;2013.07.30
609;Macska;Ophélie;Mawa;1992.01.28
610;Macska;Tú;Terangun;2017.06.12
611;Gibbon;Simplifiés;San Diego;2017.02.14
612;Gibbon;Miléna;Central;1992.04.09
613;Gibbon;Aloïs;Rejanegara;1999.11.24
614;Majom;Rébecca;Saint-Malo;2013.01.20
615;Ogre;Cinéma;Huanan;
616;Yeti;Cécilia;Nicosia;2022.12.17
617;Yeti;Valérie;Köping;
618;Majom;Méthode;Sobral;1991.01.30
619;Capibara;Marie-hélène;Zhuxi;2019.01.30
620;Macska;Séverine;Gózd;
621;Majom;Méng;Balun;2011.02.11
622;Yeti;Gisèle;Cibenda;2012.06.12
623;Macska;Clélia;Bílina Kyselka;
624;Macska;Lèi;Palmas De Gran Canaria, Las;2014.04.15
625;Ogre;Liè;Huai Mek;
626;Majom;Loïs;Paris 18;2020.08.06
627;Macska;Uò;Biliran;1998.03.11
628;Macska;Mélia;Dún Laoghaire;1995.09.01
629;Macska;Anaé;Hà Tiên;2011.03.20
630;Gibbon;Vérane;Balesari;
631;Ogre;Östen;Cajicá;2002.05.21
632;Majom;André;Sidaraja;
633;Capibara;Cloé;Salamanca;2013.10.06
634;Gibbon;Pål;Memphis;
635;Gibbon;Maëlys;Abangay;
636;Capibara;Aurélie;Abiko;2019.05.16
637;Macska;Örjan;L'Épiphanie;2007.02.28
638;Capibara;Adélie;Petrijevci;2011.12.05
639;Gibbon;Göran;Xiangfu;2013.03.26
640;Gibbon;Gaétane;Bweyogerere;2003.05.08
641;Majom;Cléa;Balaogan;2012.06.17
642;Majom;Audréanne;Marathon;
643;Capibara;Maïwenn;Zhenlai;2015.04.25
644;Yeti;Torbjörn;Melgar;2001.09.04
645;Yeti;Erwéi;Siyang;1994.12.21
646;Macska;Andréa;Skutskär;1998.03.08
647;Capibara;Maëlle;Tongjing;2003.12.15
648;Ogre;Annotés;Shaykh al Ḩadīd;2018.04.15
649;Yeti;Dù;Gradac;2003.08.19
650;Macska;Vénus;Pamyat’ Parizhskoy Kommuny;1993.10.02
651;Macska;Cécile;San Juan;2018.10.20
652;Macska;Magdalène;Leudelange;1992.08.10
653;Ogre;Noémie;Nizhniy Ufaley;2001.05.09
654;Gibbon;Gisèle;Sembalunbumbung;
655;Ogre;Ophélie;Cibitung;
656;Capibara;Uò;Shadrinsk;
657;Majom;Adèle;Šmarje pri Jelšah;2003.10.04
658;Gibbon;Andrée;Stockholm;2010.09.11
659;Gibbon;Mégane;Chuanxi;2010.05.02
660;Ogre;Amélie;Jiamaogong;2015.05.03
661;Majom;Océanne;Goascorán;1999.11.22
662;Yeti;Alizée;Rengo;1998.08.29
663;Yeti;Måns;Itoman;2009.05.11
664;Majom;Méng;Thiès Nones;2006.01.30
665;Ogre;Thérèsa;Tacoma;1994.08.25
666;Majom;Chloé;Erhe;2012.11.26
667;Majom;Wá;Tiantang;2013.01.12
668;Ogre;Sélène;Kokubu-matsuki;1998.08.09
669;Gibbon;Gérald;Néa Tríglia;
670;Macska;Bérénice;Jiasi;
671;Yeti;Adélie;Dovhe;2009.02.14
672;Macska;Léonie;Thị Trấn Phù Yên;2017.01.23
673;Capibara;Réjane;Hobo;2019.06.13
674;Yeti;Zhì;Kanazawa-shi;2011.02.16
675;Ogre;Nuó;Belas;2020.01.05
676;Ogre;Léane;Francisco Villa;2014.08.05
677;Macska;Laïla;Miguel Hidalgo;2017.11.04
678;Macska;Cléopatre;Catriel;2016.11.18
679;Ogre;Eugénie;Rizal;1993.11.14
680;Ogre;Bénédicte;Sritanjung;
681;Macska;Françoise;Mikhaylovka;2021.01.30
682;Capibara;Maïlys;Shenwan;1993.08.07
683;Yeti;Lorène;Cochrane;2020.10.03
684;Gibbon;Eléonore;Yaroslavskiy;
685;Majom;Léonie;Beckerich;
686;Gibbon;Aloïs;Chistopol’;2016.11.18
687;Macska;Kù;Lodja;1990.08.15
688;Gibbon;Maëline;Masis;2017.11.29
689;Capibara;Faîtes;Babat;2009.05.23
690;Yeti;Léane;Wojaszówka;1996.03.10
691;Ogre;Miléna;Kadugede;2016.11.12
692;Gibbon;Mégane;Klemunan;1991.05.17
693;Capibara;Estée;Azor;2007.04.11
694;Ogre;Rébecca;Arendal;2017.08.25
695;Gibbon;Inès;Fika;2009.01.01
696;Macska;Gérald;Shunyi;2012.01.01
697;Gibbon;Kallisté;Lyambir’;2007.11.05
698;Macska;Mélanie;Adolfo Lopez Mateos;2019.08.22
699;Gibbon;Véronique;Kopparberg;1992.07.21
700;Ogre;Magdalène;Palangue;2019.09.21
701;Gibbon;Börje;Ábrego;2021.11.07
702;Yeti;Inès;Triandría;2022.01.14
703;Capibara;Eliès;Jieyang;1993.07.16
704;Majom;Gisèle;Salto;2022.06.07
705;Yeti;Laïla;Laweueng;1994.05.02
706;Majom;Maëlann;Colquechaca;2006.08.15
707;Yeti;Océanne;Nanbin;2001.02.19
708;Majom;Eloïse;Itapira;1993.04.08
709;Macska;Mélina;Npongge;2002.05.24
710;Capibara;Göran;Kunyang;2020.03.22
711;Macska;Gaétane;Tamisan;2005.06.11
712;Gibbon;Maëly;Azul;2010.02.26
713;Gibbon;Mégane;Chandmanĭ;1994.03.25
714;Yeti;Maïlis;Sambirobyong;2016.08.03
715;Capibara;Göran;Kedungbanteng Krajan;2014.12.21
716;Capibara;Jú;Alor Setar;
717;Gibbon;Maïwenn;Strasbourg;
718;Gibbon;Geneviève;Drammen;2021.02.21
719;Majom;Frédérique;Oton;2010.10.15
720;Macska;Anaël;Bual;1991.08.05
721;Majom;Maëlann;Lukavice;2019.02.21
722;Ogre;Mà;Taliouine;1998.04.23
723;Majom;Eugénie;Klakeh;1994.06.27
724;Gibbon;Loïs;Seres;1991.03.19
725;Majom;Camélia;Santa María Chiquimula;1991.10.06
726;Macska;Noémie;Darband;
727;Majom;Maïté;Lazarat;2021.01.10
728;Gibbon;Yè;Zhongxing;1991.04.24
729;Gibbon;Gisèle;Tonga;1992.08.30
730;Capibara;Mégane;Tanghua;
731;Ogre;Anaël;Nangka;1992.12.21
732;Macska;Mélia;Piñas;1992.11.27
733;Majom;Océane;Velká nad Veličkou;2010.09.28
734;Macska;Måns;Zhengyangshan;
735;Majom;Illustrée;Li’an;2005.05.14
736;Yeti;Vénus;Dadamtu;2009.12.07
737;Yeti;Cécile;Athlone;1999.01.08
738;Macska;Rébecca;Hengfeng;
739;Majom;Célestine;Bromma;1995.08.06
740;Yeti;Pò;Shetangpo;1994.01.10
741;Majom;Cécile;Jiangna;2016.06.25
742;Capibara;Léana;Qingshanhu;1999.03.03
743;Majom;Célia;Muang Sam Sip;2004.05.31
744;Macska;Léonie;Lakbok;
745;Yeti;Méline;Passo Fundo;1997.08.27
746;Ogre;Mén;Sundbyberg;2014.03.22
747;Ogre;Audréanne;Telengsari;2012.06.23
748;Capibara;Adèle;Cabcaben;2020.02.16
749;Macska;Lauréna;Sulengwaseng;
750;Yeti;Lèi;Wuping;1997.08.24
751;Ogre;Célia;Shuanglongchang;
752;Majom;Bérengère;Muhos;2019.04.23
753;Capibara;Nadège;Bolekhiv;2012.02.18
754;Gibbon;Mylène;Idi Iroko;2005.01.03
755;Ogre;Wá;Krolevets’;2003.11.23
756;Ogre;André;Chengdong;1997.05.10
757;Ogre;Ophélie;Saint-Lô;
758;Gibbon;Gaëlle;Guangming;2021.02.11
759;Gibbon;Ráo;Rudky;2004.08.13
760;Yeti;Maïlis;Shah Alam;1992.09.11
761;Ogre;Geneviève;Ribeirão Pires;2008.03.27
762;Capibara;Yénora;Fengxi;2001.07.03
763;Majom;Danièle;Zuolan;1995.06.25
764;Gibbon;Stéphanie;Summerland;2004.04.23
765;Macska;Cécilia;Xiangjia;1991.03.07
766;Yeti;Médiamass;Yonezawa;
767;Yeti;Mårten;London;2011.07.16
768;Majom;Médiamass;Myitkyina;2006.08.12
769;Majom;Pò;Antas;2015.05.05
770;Ogre;Andréa;Lyon;
771;Majom;Loïca;Gesikan;2011.06.15
772;Gibbon;Cléopatre;San Rafael;1991.07.19
773;Gibbon;Aurélie;Puqi;2003.03.07
774;Majom;Sòng;Karangkancana;2018.07.04
775;Yeti;Publicité;Piedade;2001.01.06
776;Macska;Tú;Tianning;2001.09.26
777;Macska;Renée;Kasempa;2000.08.09
778;Capibara;Uò;Mugala;2002.10.10
779;Gibbon;Naéva;Tirtopuro;1990.09.24
780;Majom;Célia;Lapu-Lapu City;1998.05.14
781;Majom;Torbjörn;Labège;2007.03.28
782;Majom;Maëlle;Haibeitou;2005.04.26
783;Capibara;Maëlyss;Sutton;
784;Ogre;Angélique;Longshan;2011.11.02
785;Gibbon;Léana;Changmao;2013.03.17
786;Ogre;Léonore;Byumba;1994.05.10
787;Majom;Anaël;Miaofengshan;1992.11.05
788;Ogre;Séréna;Shibganj;2020.11.25
789;Ogre;Marie-josée;Zhukeng;2021.05.03
790;Majom;Tán;Monching;2019.08.05
791;Macska;Mårten;Bočar;2022.03.01
792;Yeti;Mélia;Tirhanimîne;
793;Capibara;Mahélie;Mandōl;1999.02.01
794;Gibbon;Laïla;Bov;
795;Capibara;Eléa;Malaba;2000.07.27
796;Gibbon;Thérèse;Shubenka;2016.08.06
797;Ogre;Hélèna;Leicheng;2004.07.27
798;Ogre;Andréa;Bulod;1996.05.08
799;Capibara;Lauréna;Fulnek;1993.07.26
800;Gibbon;Joséphine;Alegre;2016.03.18
801;Majom;Mélodie;London;2012.08.11
802;Macska;Táng;Port Harcourt;1996.09.21
803;Yeti;Bérangère;Verkhnevilyuysk;
804;Gibbon;Eloïse;Yucheng;2022.01.27
805;Macska;Marie-ève;Mokronog;1990.06.01
806;Ogre;Pénélope;Ōnojō;2001.02.06
807;Gibbon;Håkan;Suslonger;1997.01.28
808;Gibbon;Alizée;Canta;
809;Capibara;Gisèle;Santo Tomás;
810;Gibbon;Léandre;Pesucen;2007.05.06
811;Majom;Rébecca;Chigoré;1994.03.22
812;Majom;Mélys;Falun;
813;Capibara;Maëlle;Pathum Ratchawongsa;1994.07.29
814;Ogre;Magdalène;Saint-Constant;2012.03.07
815;Yeti;Angèle;Cezi;2002.01.27
816;Majom;Rachèle;Nioro du Rip;2010.05.10
817;Gibbon;Åsa;Mahdalynivka;2004.10.06
818;Ogre;Loïs;Ake-Eze;2007.09.08
819;Ogre;Pò;Pemzashen;2008.04.14
820;Gibbon;Andrée;Dobre Miasto;2003.02.06
821;Majom;Aí;Erfurt;1990.03.30
822;Yeti;Miléna;Hele;2022.06.01
823;Macska;Cinéma;Huntsville;2017.06.07
824;Gibbon;Océane;Watergrasshill;2005.08.21
825;Gibbon;Lài;Kapunduk;2017.04.29
826;Gibbon;Andréanne;Leme;2013.10.21
827;Ogre;Maïly;Dunleer;
828;Yeti;Maëlyss;Vanderhoof;2014.02.28
829;Majom;Marie-ève;Tarhuna;1999.06.08
830;Ogre;Méryl;La Libertad;2022.08.29
831;Capibara;Kallisté;Pak Thong Chai;
832;Capibara;Stéphanie;Ashibetsu;1991.01.26
833;Majom;Almérinda;Janas;2020.09.18
834;Gibbon;Yè;Dąbrowa;2006.01.19
835;Yeti;Régine;Ganfang;1992.07.14
836;Majom;Adélie;Bonga;2014.03.22
837;Majom;Solène;Vinica;
838;Ogre;Gaïa;Lixiqiao;2019.11.22
839;Majom;Zoé;Broniszewice;2006.09.09
840;Ogre;Médiamass;Douentza;
841;Capibara;Lén;Mercedes;2002.04.02
842;Gibbon;Clélia;Baga Borihe;
843;Macska;Mélina;Llazicë;1993.02.26
844;Ogre;Amélie;Lapu-Lapu City;2014.08.21
845;Ogre;Méthode;Itapira;
846;Capibara;Méng;Lomboy;2008.09.07
847;Ogre;Marylène;Regulice;1994.05.30
848;Gibbon;Annotés;Wang Sam Mo;1997.11.11
849;Macska;Anaé;Holma;1990.04.22
850;Capibara;Yú;Orlândia;1993.04.23
851;Macska;Maëlla;Sarzedo;1995.11.03
852;Gibbon;Annotés;Yanahuaya;1994.06.25
853;Majom;Björn;Dushan;2018.08.13
854;Majom;Anaïs;Jiujiang;2007.01.17
855;Yeti;Yú;Mangochi;2014.08.02
856;Gibbon;Aimée;Dulangan;2007.10.03
857;Capibara;Aimée;Ševica;
858;Macska;Ráo;Lewolere;2008.10.27
859;Majom;Joséphine;Fria;2008.08.13
860;Capibara;Sélène;Rodniki;2014.02.20
861;Yeti;Véronique;Lacabamba;1997.03.04
862;Gibbon;Åsa;Bilovods'k;1990.06.13
863;Macska;Lyséa;Long’anqiao;
864;Yeti;Maïlys;Amphoe Sikhiu;2020.11.09
865;Yeti;Bérengère;Villa Presidente Frei, Ñuñoa, Santiago, Chile;2021.07.19
866;Macska;Kù;Odolena Voda;2001.03.03
867;Majom;Agnès;Saint-Avold;2019.04.24
868;Capibara;Ruì;Memphis;2000.02.05
869;Ogre;Judicaël;Syevyerodonets’k;2000.12.26
870;Capibara;Angélique;Shuanghe;1992.03.04
871;Ogre;Rachèle;Katoúna;2005.07.04
872;Ogre;Kallisté;Sena Madureira;2002.01.01
873;Capibara;Naëlle;Irará;2014.05.30
874;Ogre;Lorène;Batal;1996.01.13
875;Capibara;Maëlyss;Ipojuca;1990.11.23
876;Majom;Mylène;Guagua;1994.04.12
877;Capibara;Nélie;Gornji Breg;2010.05.15
878;Gibbon;Léonie;Changjiang;2004.05.14
879;Capibara;Yè;Dubinino;2012.01.03
880;Macska;Kallisté;São Luís;1997.02.15
881;Majom;Loïc;Plottier;
882;Gibbon;Annotée;Rizal;1995.09.20
883;Macska;Mélia;Ramotswa;2020.05.23
884;Capibara;Maï;Qiaonan;2022.04.03
885;Yeti;Clémentine;Wailang;1994.12.02
886;Capibara;Måns;Kapasan;2004.02.07
887;Yeti;Eléonore;Cabano;2022.05.20
888;Yeti;Audréanne;Zhelin;2015.03.16
889;Macska;Daphnée;Xinye;
890;Macska;Ruì;Gryaznovskoye;2020.06.24
891;Yeti;Annotés;Saint-Denis;
892;Gibbon;Göran;Rukungiri;2021.04.14
893;Gibbon;Maïwenn;Zarechnyy;1996.11.16
894;Ogre;Táng;Qukës-Skënderbe;2009.04.07
895;Capibara;Mà;Barajalan;2016.02.24
896;Majom;Anaé;Täby;2009.02.06
897;Macska;Måns;Horad Rechytsa;2009.08.18
898;Ogre;Léonore;Morelos;2022.07.15
899;Ogre;Bérénice;Toktogul;2016.12.16
900;Capibara;Véronique;Lodwar;2018.09.09
901;Macska;Aí;Ḩawsh ‘Īsá;1999.07.05
902;Majom;Marylène;Padurung;1990.10.08
903;Yeti;Léa;Saint-Cloud;2012.05.04
904;Capibara;Maëline;Pucara;2014.07.19
905;Yeti;Andrée;Lousado;2020.05.02
906;Capibara;Cinéma;La Sabana;
907;Macska;Alizée;Monasterevin;1999.07.23
908;Yeti;Gaëlle;São Luís do Quitunde;
909;Majom;Märta;Gia Nghĩa;1996.07.31
910;Yeti;Nélie;Pskov;2012.04.24
911;Yeti;Sélène;Xunzhong;2017.02.18
912;Ogre;Noëlla;Postoloprty;2006.07.19
913;Majom;Ophélie;Fangbu;2010.06.30
914;Majom;Yú;Lawrenceville;1995.01.03
915;Capibara;Yú;Las Terrenas;2005.01.13
916;Ogre;Eléa;Kapan;2017.08.10
917;Macska;Hélène;Fresno;2005.10.10
918;Majom;Dà;Avanca;
919;Yeti;Lyséa;Lila;
920;Capibara;Léonore;Bogale;
921;Capibara;Anaïs;Duyun;2009.11.06
922;Capibara;Médiamass;Nadvoitsy;
923;Capibara;Erwéi;Luoshan;2005.09.29
924;Gibbon;Kù;Yulong;1997.02.13
925;Majom;Yú;Litian;2010.11.16
926;Majom;Adélaïde;Bologna;1998.11.18
927;Gibbon;Josée;Runjin;1997.07.07
928;Macska;Mén;Bafoussam;1996.08.15
929;Capibara;Noémie;Kratié;
930;Macska;Anaé;Shixi;2015.09.09
931;Macska;Clélia;Banī an Nahārī;2007.06.13
932;Gibbon;Solène;Panoongan;2006.09.06
933;Majom;Léonie;Mandepa Barat;1995.05.30
934;Yeti;Torbjörn;Ghormach;2021.04.08
935;Yeti;Agnès;Banjarjo;2014.12.21
936;Yeti;Cléopatre;Xiejiatan;2006.02.02
937;Majom;Kù;Nanchoc;
938;Gibbon;Annotés;Nelidovo;2002.12.16
939;Ogre;Kallisté;Lyon;
940;Majom;Céline;Candelária;1992.11.27
941;Yeti;Vérane;Xitou;
942;Majom;Géraldine;Zhongzuiling;2011.01.10
943;Macska;Bérangère;Calle Blancos;2006.08.18
944;Capibara;Noémie;Huaping;2018.06.03
945;Gibbon;Daphnée;Metz;2005.06.11
946;Yeti;Maëline;Moret-sur-Loing;2001.05.14
947;Macska;Göran;Uthai;2014.10.16
948;Capibara;Bénédicte;Kax;2003.05.07
949;Yeti;Görel;Zliten;
950;Majom;Pélagie;Whittier;2013.07.10
951;Yeti;Cécilia;Macapsing;2000.12.08
952;Macska;Maïlis;Huerta Grande;
953;Capibara;Yè;Baqiu;1996.08.11
954;Capibara;Eliès;Plessisville;1992.12.02
955;Macska;Lèi;Xijiao;2021.06.16
956;Majom;Céline;Dadoupu;2020.02.11
957;Capibara;Eloïse;Sumanding;2000.02.20
958;Majom;Almérinda;Carvalhinho;2013.09.05
959;Majom;Görel;Kerrobert;1994.01.17
960;Gibbon;Rachèle;Zhigulevsk;
961;Capibara;Danièle;Podosinovets;2014.09.09
962;Yeti;Maëlys;Tugdan;1993.11.14
963;Ogre;Célia;Svetlanovskiy;2015.10.20
964;Yeti;Táng;Longwood;2008.12.05
965;Majom;Lyséa;Cileueur;2017.08.31
966;Macska;Maëlys;Nanggorak;1994.01.07
967;Yeti;Lauréna;Varakļāni;2008.04.13
968;Yeti;Yú;Arzakan;1990.12.26
969;Yeti;Andréanne;Lojigawaran;2004.12.08
970;Ogre;Valérie;Bharatpur;
971;Capibara;Frédérique;Montes Velhos;2003.12.30
972;Macska;Bérénice;Agboville;2010.11.12
973;Ogre;Geneviève;Youludu Sibage;2017.08.31
974;Macska;Eugénie;Pulorejo;
975;Macska;Stéphanie;Jinshan;2000.12.15
976;Gibbon;Océanne;Xidoupu;2018.07.29
977;Yeti;Anaël;La Cueva;2002.05.23
978;Gibbon;Kù;Chinú;1994.05.22
979;Majom;Andréanne;Prakhon Chai;2018.07.02
980;Ogre;Aí;Santiago de Chuco;
981;Majom;Kuí;Verba;1993.12.29
982;Capibara;Eliès;Łącko;
983;Yeti;Táng;Muqui;1990.11.02
984;Ogre;Loïca;Myeik;
985;Ogre;Océane;Pereyaslovskaya;2017.11.18
986;Yeti;Maëlla;Kayima;2016.06.16
987;Majom;Lucrèce;Diang;2015.01.27
988;Capibara;Eloïse;Qasr Abu Hadi;
989;Macska;Cunégonde;Angochi;1993.10.29
990;Majom;Desirée;Ramon Magsaysay;1999.09.28
991;Yeti;Méng;Junkou;2003.10.12
992;Gibbon;Sélène;Maliang;2015.03.27
993;Gibbon;Judicaël;Kuala Lumpur;2019.08.22
994;Gibbon;Réservés;Babakanloa;1999.09.29
995;Gibbon;Maïlis;Kālia;2012.04.16
996;Macska;Maï;Muranovo;1997.02.25
997;Macska;Fèi;Niamey;
998;Ogre;Zoé;Sentul;
999;Capibara;Miléna;Jabłonica Polska;2001.01.05
1000;Macska;Maëlle;Besançon;2003.05.13
